{
  "project_info": {
    "project_number": "502257319312",
    "project_id": "eco-cycle-pro-q6ldp9",
    "storage_bucket": "eco-cycle-pro-q6ldp9.appspot.com"
  },
  "client": [
    {
      "client_info": {
        "mobilesdk_app_id": "1:502257319312:android:993865a39167085b438715",
        "android_client_info": {
          "package_name": "com.mycompany.ecocyclepro"
        }
      },
      "oauth_client": [],
      "api_key": [
        {
          "current_key": "AIzaSyB45SHE4CsbiD9mGi-UEvQpFn4qQ8dHy2Q"
        }
      ],
      "services": {
        "appinvite_service": {
          "other_platform_oauth_client": []
        }
      }
    },
    {
      "client_info": {
        "mobilesdk_app_id": "1:502257319312:android:588e5da3242ef518438715",
        "android_client_info": {
          "package_name": "com.shelolabs.ecocyclepro"
        }
      },
      "oauth_client": [],
      "api_key": [
        {
          "current_key": "AIzaSyB45SHE4CsbiD9mGi-UEvQpFn4qQ8dHy2Q"
        }
      ],
      "services": {
        "appinvite_service": {
          "other_platform_oauth_client": []
        }
      }
    }
  ],
  "configuration_version": "1"
}